month_no,month,segment,samples,manual_hours,ai_hours,manual_error_pct,ai_error_pct
1,ม.ค.,นักวิจัย,291,46.9,22.3,7.1,4.5
1,ม.ค.,วิศวกรควบคุมคุณภาพ,410,46.3,22.0,7.1,4.5
1,ม.ค.,โรงงานเกี่ยวกับสารเคมี,605,46.5,21.8,8.7,4.3
2,ก.พ.,นักวิจัย,312,49.8,21.8,8.2,4.2
2,ก.พ.,วิศวกรควบคุมคุณภาพ,492,46.3,21.6,7.6,4.0
2,ก.พ.,โรงงานเกี่ยวกับสารเคมี,665,47.9,21.5,7.4,4.3
3,มี.ค.,นักวิจัย,361,48.2,19.9,7.1,3.7
3,มี.ค.,วิศวกรควบคุมคุณภาพ,472,50.1,19.7,7.6,4.0
3,มี.ค.,โรงงานเกี่ยวกับสารเคมี,761,47.8,20.4,8.4,3.8
4,เม.ย.,นักวิจัย,385,49.2,19.5,8.5,3.5
4,เม.ย.,วิศวกรควบคุมคุณภาพ,574,46.7,18.5,8.5,3.5
4,เม.ย.,โรงงานเกี่ยวกับสารเคมี,824,46.2,19.0,8.5,3.7
5,พ.ค.,นักวิจัย,432,47.9,18.0,8.2,3.4
5,พ.ค.,วิศวกรควบคุมคุณภาพ,567,51.0,18.5,7.9,3.5
5,พ.ค.,โรงงานเกี่ยวกับสารเคมี,821,50.2,17.9,9.0,3.6
6,มิ.ย.,นักวิจัย,420,48.3,16.8,7.0,3.1
6,มิ.ย.,วิศวกรควบคุมคุณภาพ,576,46.7,15.6,8.5,2.9
6,มิ.ย.,โรงงานเกี่ยวกับสารเคมี,904,48.3,17.2,7.2,3.1
7,ก.ค.,นักวิจัย,465,51.3,16.0,8.7,2.7
7,ก.ค.,วิศวกรควบคุมคุณภาพ,638,48.2,16.2,8.9,2.6
7,ก.ค.,โรงงานเกี่ยวกับสารเคมี,949,47.4,14.9,8.0,2.9
8,ส.ค.,นักวิจัย,470,46.0,14.1,7.7,2.6
8,ส.ค.,วิศวกรควบคุมคุณภาพ,734,50.1,14.3,8.2,2.6
8,ส.ค.,โรงงานเกี่ยวกับสารเคมี,983,51.4,14.9,8.7,2.7
9,ก.ย.,นักวิจัย,507,48.4,12.4,8.3,2.0
9,ก.ย.,วิศวกรควบคุมคุณภาพ,672,47.3,12.5,7.7,2.0
9,ก.ย.,โรงงานเกี่ยวกับสารเคมี,1028,46.9,12.4,7.7,2.0
10,ต.ค.,นักวิจัย,575,49.7,11.4,7.5,1.9
10,ต.ค.,วิศวกรควบคุมคุณภาพ,743,46.7,12.8,9.0,2.0
10,ต.ค.,โรงงานเกี่ยวกับสารเคมี,1173,46.5,11.3,7.7,1.8
11,พ.ย.,นักวิจัย,599,47.0,10.0,8.9,1.7
11,พ.ย.,วิศวกรควบคุมคุณภาพ,752,49.3,10.1,8.1,2.0
11,พ.ย.,โรงงานเกี่ยวกับสารเคมี,1306,50.2,10.5,7.7,1.5
12,ธ.ค.,นักวิจัย,622,49.2,10.5,7.7,1.3
12,ธ.ค.,วิศวกรควบคุมคุณภาพ,877,51.9,10.6,8.6,1.6
12,ธ.ค.,โรงงานเกี่ยวกับสารเคมี,1343,47.4,9.9,7.7,1.2
